feature,importance,method
Rainfall_mm,0.3210391790587767,model_importance
Village_Laxmipura,0.3008770757296717,model_importance
Longitude,0.18730024754031777,model_importance
Humidity_Temperature_Interaction,0.07679568692644576,model_importance
Relative_Humidity,0.0708050999829042,model_importance
Village_Malagalali,0.022517905923176276,model_importance
Latitude,0.018105325923137863,model_importance
Taluk_Pandavpura,0.0017209690828396303,model_importance
Temperature_C,0.0006314537787963809,model_importance
Village_Hosur,7.873518541541589e-05,model_importance
Rainfall_Temperature_Interaction,5.287484202633815e-05,model_importance
Village_Talasasana,3.2963734690523956e-05,model_importance
Taluk_Shrirangapattana,2.0609791856306148e-05,model_importance
Village_Bheemanahalli,1.2984433742352561e-05,model_importance
Taluk_Mandya,4.103965534477008e-06,model_importance
Taluk_Maddur,1.535625972688547e-06,model_importance
Taluk_Malavalli,1.4803250348633544e-06,model_importance
LAI,8.480948095944625e-07,model_importance
Soil_pH,3.4331498323243753e-07,model_importance
Village_Chowda Ghatta,2.8478894267029965e-07,model_importance
Village_Chikkathammanahalli,2.382957051820583e-07,model_importance
Village_Ankegowdanadoddi,2.981055907564454e-08,model_importance
NDVI,1.8725658178084778e-08,model_importance
Organic_Carbon,5.1190028811404155e-09,model_importance
Taluk_Krishnarajpet,0.0,model_importance
Village_Hadya,0.0,model_importance
Village_Kachenahalli,0.0,model_importance
